-- phpMyAdmin SQL Dump
-- version 4.5.4.1deb2ubuntu2.1
-- http://www.phpmyadmin.net
--
-- Хост: localhost
-- Время создания: Май 10 2020 г., 14:04
-- Версия сервера: 5.7.30-0ubuntu0.16.04.1
-- Версия PHP: 7.0.33-0ubuntu0.16.04.14

SET SQL_MODE = "NO_AUTO_VALUE_ON_ZERO";
SET time_zone = "+00:00";


/*!40101 SET @OLD_CHARACTER_SET_CLIENT=@@CHARACTER_SET_CLIENT */;
/*!40101 SET @OLD_CHARACTER_SET_RESULTS=@@CHARACTER_SET_RESULTS */;
/*!40101 SET @OLD_COLLATION_CONNECTION=@@COLLATION_CONNECTION */;
/*!40101 SET NAMES utf8mb4 */;

--
-- База данных: `marks`
--

-- --------------------------------------------------------

--
-- Структура таблицы `marks`
--

CREATE TABLE `marks` (
  `subject_id` int(11) NOT NULL,
  `student_id` int(11) NOT NULL,
  `mark` tinyint(4) NOT NULL
) ENGINE=InnoDB DEFAULT CHARSET=utf8;

--
-- Дамп данных таблицы `marks`
--

INSERT INTO `marks` (`subject_id`, `student_id`, `mark`) VALUES
(1, 1, 8),
(1, 2, 2),
(1, 3, 9),
(1, 4, 9),
(1, 5, 9),
(1, 6, 9),
(1, 7, 2),
(1, 8, 0),
(1, 9, 3),
(1, 10, 6),
(1, 11, 6),
(1, 12, 6),
(1, 13, 10),
(1, 14, 1),
(1, 15, 10),
(1, 16, 5),
(1, 17, 10),
(1, 18, 10),
(1, 19, 1),
(1, 20, 10),
(1, 21, 8),
(1, 22, 6),
(1, 23, 5),
(1, 24, 7),
(1, 25, 5),
(2, 1, 1),
(2, 2, 7),
(2, 3, 4),
(2, 4, 0),
(2, 5, 1),
(2, 6, 9),
(2, 7, 3),
(2, 8, 1),
(2, 9, 10),
(2, 10, 5),
(2, 11, 7),
(2, 12, 6),
(2, 13, 9),
(2, 14, 9),
(2, 15, 9),
(2, 16, 1),
(2, 17, 8),
(2, 18, 7),
(2, 19, 10),
(2, 20, 7),
(2, 21, 8),
(2, 22, 2),
(2, 23, 5),
(2, 24, 3),
(2, 25, 8),
(3, 1, 6),
(3, 2, 1),
(3, 3, 3),
(3, 4, 3),
(3, 5, 0),
(3, 6, 0),
(3, 7, 10),
(3, 8, 4),
(3, 9, 6),
(3, 10, 7),
(3, 11, 1),
(3, 12, 0),
(3, 13, 4),
(3, 14, 9),
(3, 15, 10),
(3, 16, 10),
(3, 17, 8),
(3, 18, 0),
(3, 19, 2),
(3, 20, 8),
(3, 21, 1),
(3, 22, 5),
(3, 23, 2),
(3, 24, 1),
(3, 25, 3),
(4, 1, 4),
(4, 2, 0),
(4, 3, 7),
(4, 4, 5),
(4, 5, 5),
(4, 6, 5),
(4, 7, 9),
(4, 8, 1),
(4, 9, 6),
(4, 10, 9),
(4, 11, 7),
(4, 12, 7),
(4, 13, 9),
(4, 14, 6),
(4, 15, 6),
(4, 16, 2),
(4, 17, 0),
(4, 18, 0),
(4, 19, 6),
(4, 20, 8),
(4, 21, 7),
(4, 22, 6),
(4, 23, 3),
(4, 24, 7),
(4, 25, 7),
(5, 1, 0),
(5, 2, 10),
(5, 3, 0),
(5, 4, 10),
(5, 5, 5),
(5, 6, 9),
(5, 7, 8),
(5, 8, 1),
(5, 9, 6),
(5, 10, 10),
(5, 11, 2),
(5, 12, 1),
(5, 13, 8),
(5, 14, 10),
(5, 15, 5),
(5, 16, 0),
(5, 17, 4),
(5, 18, 3),
(5, 19, 9),
(5, 20, 3),
(5, 21, 3),
(5, 22, 4),
(5, 23, 5),
(5, 24, 3),
(5, 25, 3);

-- --------------------------------------------------------

--
-- Структура таблицы `students`
--

CREATE TABLE `students` (
  `id` int(11) NOT NULL,
  `name` tinytext NOT NULL
) ENGINE=InnoDB DEFAULT CHARSET=utf8;

--
-- Дамп данных таблицы `students`
--

INSERT INTO `students` (`id`, `name`) VALUES
(1, 'Андросов Илья Сергеевич'),
(2, 'Асипенко Сергей Геннадьевич'),
(3, 'Балесный Михаил Сергеевич'),
(4, 'Белявский Артём Юрьевич'),
(5, 'Бруй Роман Юрьевич'),
(6, 'Быховец Илья Дмитриевич'),
(7, 'Васькович Владислав Игоревич'),
(8, 'Вашкевич Максим Александрович'),
(9, 'Гладкий Максим Григорьевич'),
(10, 'Глазков Евгений Андреевич'),
(11, 'Дудкин Никита Александрович'),
(12, 'Ермолович Илья Васильевич'),
(13, 'Кашевский Владислав Вячеславович'),
(14, 'Каширский Алексей Евгеньевич'),
(15, 'Коловайтис Никита Андреевич'),
(16, 'Лахай Анна Валерьевна'),
(17, 'Лемешевский Дмитрий Петрович'),
(18, 'Марченко Денис Александрович'),
(19, 'Минович Олег Евгеньевич'),
(20, 'Миронюк Владислав Игоревич'),
(21, 'Никитин Фёдор Евгеньевич'),
(22, 'Новиков Олесь Александрович'),
(23, 'Темрюк Владислав Александрович'),
(24, 'Траханов Евгений Николаевич'),
(25, 'Турлович Екатерина Сергеевна'),
(26, 'Формаго Дмитрий Михайлович'),
(27, 'Шаршун Никита Александрович'),
(28, 'Шукан Алексей Александрович'),
(29, 'Якубович Евгений Игоревич');

-- --------------------------------------------------------

--
-- Структура таблицы `subjects`
--

CREATE TABLE `subjects` (
  `id` int(11) NOT NULL,
  `name` tinytext NOT NULL
) ENGINE=InnoDB DEFAULT CHARSET=utf8;

--
-- Дамп данных таблицы `subjects`
--

INSERT INTO `subjects` (`id`, `name`) VALUES
(1, 'Философия'),
(2, 'Математика'),
(3, 'ИКГ'),
(4, 'ОАиП'),
(5, 'ОКТ');

--
-- Индексы сохранённых таблиц
--

--
-- Индексы таблицы `marks`
--
ALTER TABLE `marks`
  ADD PRIMARY KEY (`subject_id`,`student_id`);

--
-- Индексы таблицы `students`
--
ALTER TABLE `students`
  ADD PRIMARY KEY (`id`);

--
-- Индексы таблицы `subjects`
--
ALTER TABLE `subjects`
  ADD PRIMARY KEY (`id`);

--
-- AUTO_INCREMENT для сохранённых таблиц
--

--
-- AUTO_INCREMENT для таблицы `students`
--
ALTER TABLE `students`
  MODIFY `id` int(11) NOT NULL AUTO_INCREMENT, AUTO_INCREMENT=30;
--
-- AUTO_INCREMENT для таблицы `subjects`
--
ALTER TABLE `subjects`
  MODIFY `id` int(11) NOT NULL AUTO_INCREMENT, AUTO_INCREMENT=6;
/*!40101 SET CHARACTER_SET_CLIENT=@OLD_CHARACTER_SET_CLIENT */;
/*!40101 SET CHARACTER_SET_RESULTS=@OLD_CHARACTER_SET_RESULTS */;
/*!40101 SET COLLATION_CONNECTION=@OLD_COLLATION_CONNECTION */;
